0.8838931126173458,0.1958650220376449,0
0.3575365158852867,-2.3432619056402113,0
-1.0848325873173328,0.5596962894039177,0
0.9394693498560777,-0.9784810421186954,0
0.5030968401091914,0.4064144688948009,0
0.3234610099156434,-0.4934108819088803,0
-0.7920167907771816,-0.842367934138484,0
-1.2795026616706042,0.24571516951123312,0
-0.04419480068361748,1.5676325528903083,0
1.0511086796131768,0.40636842563171444,0
-0.16864610124128443,-3.1897027892252625,0
1.12013225923654,1.3327782081335766,0
-0.24333876611630206,-0.13003071130989,0
-0.10901737133730471,1.556186439264636,0
0.12877835273019408,-2.066948722655315,0
-0.885493154616703,-1.1045794834534277,0
0.932866346610091,2.0598380015281683,0
-0.9349379580809319,-1.6129902180842572,0
0.5270697180962234,-1.5511007353068422,0
0.32961333921197766,-1.1365265400974658,0
-0.3384906045519245,0.32097078441973265,0
-0.6023080180595345,1.5447283608763946,0
0.6470340836498365,0.5932172125782157,0
0.43802449701914753,1.3577890150479748,0
1.204511275020844,1.3517961871393613,0
0.4934372360278101,-2.7043652475259967,0
-0.5551857968857017,0.0015085602585323294,0
0.8570938168891852,1.4811436466626788,0
-0.21966112236298194,1.5033981564928736,0
-1.482385050134975,-0.8561642180677683,0
-0.8286927702344518,0.11404760330098948,0
0.5277284702696486,0.15583822209143852,0
1.3014293986554235,-0.9948019075832217,0
2.094665338082445,0.3594289939554043,0
0.691002118590122,-1.4857196083622273,0
0.09878861473099068,-0.2283210306835901,0
-0.854775487342927,-0.5131451059514202,0
-0.9622159843780511,-0.48245091128279366,0
-0.23946975731280126,0.45974422690161787,0
0.6464301659040527,0.4874029609137859,0
0.03819246874812981,0.9894865586579343,0
0.1436226349585432,0.7502979284867325,0
-0.40957142515378353,1.4474070464881408,0
-0.4045340239622074,1.14892501369591,0
-0.9389104909640118,-1.9014640517184773,0
1.095433351342401,-0.3335437866327996,0
-1.4418485745457146,-1.4166667484045508,0
-1.6295015181180854,-1.8152558081043626,0
-1.0561690000183723,0.5542749330320416,0
-0.9500180100254156,0.8579993511102255,0
-0.5320792474553208,1.125758855836237,0
0.21865771977812515,-0.39288195768217343,0
-0.2286972650807645,-1.5762548779641914,0
0.1658330092370238,0.7887968149252417,0
-1.961892242675055,-1.8520382433428222,0
1.0918866127160918,0.9345908551179352,0
-0.7117855567080416,1.443083008740605,0
0.7523133206959416,-1.334920766826471,0
0.6766396723306617,0.8311057781317684,0
-0.3650574440908685,0.4967702450892603,0
0.2895591503361211,-0.47020934305691686,0
1.6059926396210291,-0.1536618307247823,0
-1.7861686341240965,-0.11165729875416829,0
1.5376439733847305,-1.031632521323364,0
-0.1058130523703925,2.00990161224299,0
0.01123134145342559,-1.0894294683309023,0
-1.5145109657050797,-0.5597613073905006,0
0.8416225188285681,0.25155289067650305,0
0.8251846237263087,1.8222054351276777,0
0.3381263483970462,0.10906277935431352,0
0.34848886375046007,0.4491181494744204,0
-1.1147406232415242,-0.9232073579131264,0
0.02136903923401978,0.5944154325470795,0
1.8271415277179883,-1.0865037733845933,0
1.058442092609689,0.747165091729134,0
0.6099178020944761,-0.07722775367035856,0
-1.9412662910561154,0.34143470998675635,0
1.8628551351223697,-0.29523047478727005,0
0.47831650582147917,-0.7151904957409182,0
1.237292927160557,0.8403886468450849,0
0.7241272794310375,-0.18015930523162355,0
0.15257918672208845,1.2299429378606759,0
0.27207688822695014,0.07507401007744499,0
0.08681927006536326,-2.5153542762884533,0
1.8500438785729347,-0.17580645673226966,0
0.9034630003902674,-1.545159349411475,0
1.4414778960070702,0.2688322271564248,0
0.4290540360918662,0.43638840024571685,0
-0.4382601962147403,1.4204984520414792,0
1.9554321006834305,-0.39157541669177737,0
0.12072220793889916,0.4140250968447056,0
1.3665057256711728,-1.3632199842629613,0
0.015653659985217002,0.9046602101137592,0
-0.806901090380598,-0.7063103537686168,0
1.0528919170355409,-0.09347128651554495,0
-1.4389505404207306,-0.31126891022505165,0
0.8056692388759787,-0.012550938984415044,0
-0.26082290929071567,-0.8894777340366425,0
-1.6158992125782383,-0.8519646026261832,0
-0.041180143766047554,-0.27032690176153606,0
-1.5039778238561405,1.313967830857757,0
-0.03012610576957469,0.6350130762254161,0
0.502435230630459,1.1619659136208502,0
-0.30574829012047444,1.7122827669227452,0
1.1694369957089614,-0.2758148731607233,0
-2.5117807077003387,-0.41727181491994675,0
0.5415724540299603,-0.14510730175217484,0
-1.0215827316575077,0.47227797067332505,0
-0.7081235031603792,1.4141394799499578,0
-0.4905331589716589,1.1811708688102756,0
-0.04692511385216678,-1.4601061755714524,0
-0.5081914987468069,-0.4952157620012345,0
0.7617860957213675,-1.6468437457664888,0
0.8539263560084511,-0.007959929156210802,0
-0.8894751801852641,0.35350763375391486,0
-0.5394307626406479,0.5911327453164446,0
-0.11829349164730663,-0.3604729716559968,0
-1.068632116564072,0.8907173875904303,0
0.2352515996854383,-0.0925597906394988,0
-0.5110631825259574,0.59382267559677,0
-0.7740748327638539,-1.0709224027307107,0
-0.6269373373395746,-1.0773631364596319,0
1.2769798386772069,0.3464613307889435,0
-0.122315939901835,0.21916957008996207,0
0.14346707728625135,1.4348447621997378,0
1.055364394383209,1.1152929302168257,0
1.8010063972721235,-0.19441882727705964,0
-0.8421870365260722,-1.1481746800640757,0
-0.8315439431891614,-0.6727466028002431,0
0.6701164577350086,-1.148872688310003,0
-0.2679074087564409,-0.951562610772135,0
-1.5700686335461729,0.9859800963973488,0
0.9239781543019754,-1.6013808577698323,0
-0.29677534752428475,1.189367897170757,0
-0.33330092818234236,0.9283619883589289,0
-0.722238413326392,2.1217128609126763,0
-0.6916241897094678,0.39553830718990923,0
-0.37190787091472144,-1.0394173465086036,0
0.49184058998337715,1.0037085890775872,0
-0.2655737509607294,-1.0405931019994223,0
-0.16430128756655013,0.3940625248695538,0
-0.23167982904969273,-0.24762589178271124,0
-0.3866323095104712,0.02290180158234664,0
-0.7125441135282226,0.32352159299122635,0
-0.9586865863664576,-0.3336646869211666,0
-1.1630661074955175,0.7597753778218825,0
0.9097566859357606,1.446521594541811,0
-0.37685847010241014,-0.12847425324180264,0
-0.47753268615963773,-0.12220247969770033,0
0.2076550075850339,-0.14926589409714264,0
3.0208650286890024,3.9719218921689725,1
3.1407990966464556,2.12975500218918,1
4.040051749037687,2.416027427206021,1
2.430900702712729,3.4749863585091862,1
3.4567777892218334,0.9529117047190585,1
0.45733558713434297,3.004080477651489,1
1.1016925027904318,2.7352021778089575,1
3.524773210933687,3.206787542036814,1
3.095631807827748,2.5794449328057345,1
2.371400946267365,2.4395854072274665,1
3.0908448128814348,2.0369261335709132,1
3.118836753387842,1.6915358852214868,1
2.8042947530731697,3.4013915932555556,1
1.6532353586310753,2.923405459007616,1
1.8847458163302109,1.6533529243935154,1
1.256466900090266,1.0759614240891788,1
1.342352920354946,1.7730364060342216,1
1.2464686362465618,2.0894933473426183,1
1.3452562230520624,2.170831797339054,1
3.4144911683006147,0.39020265887686967,1
3.251495847569405,1.6085346213857443,1
2.096761081909758,3.0874839018365483,1
3.1465317920305225,2.527056198845172,1
0.05279013388634546,1.8921107765720278,1
2.566639603958831,1.2236061708517538,1
2.265391528960745,3.914911643035733,1
1.8066314842913793,2.356312694743308,1
0.9512488567871897,0.9405437796296297,1
3.3308304218751097,0.9804956661367712,1
2.3524322305826217,1.0981840366342999,1
1.3672986316991342,1.6404733188518457,1
2.6374081664217504,0.3905703876715083,1
3.3876626381450246,3.5375527217507483,1
1.017430887893626,0.6263636402049995,1
-0.0684934995945583,3.3335425330753505,1
2.1930574513104055,1.155166265137961,1
3.3048382232302593,2.649228173125619,1
2.9424295040385697,2.8798225360378424,1
2.1192300340183845,1.0553884586897047,1
1.0225344685901896,2.9217363638755027,1
1.1245000565566277,0.6575435960403488,1
0.6594226603354749,1.6887441588397563,1
1.9852209653786448,3.126446106083697,1
0.5828105494218456,3.0004732025595127,1
1.8151987302043064,4.1923411330000615,1
2.15582362262659,2.5556113996055614,1
2.0153686398946085,1.999355717339827,1
1.9332404042937497,1.0660281649933165,1
2.4709211082520364,3.6474850719080667,1
1.5931420876292828,0.7687867219641271,1
1.7659569594865916,1.744627038367548,1
2.295586370748492,1.587730993474286,1
1.5298674652896809,3.944747500565395,1
2.64902645162804,3.1693731009735466,1
2.1455504723886745,3.3384598542507717,1
1.1798794083725197,1.4757990702707604,1
0.28231018003908037,1.8650332913145853,1
3.230278181684644,0.7062816982930724,1
0.49101868476835997,2.545655594658637,1
0.08929191006810755,2.4454269363068004,1
1.2430449590176003,1.1448966092676054,1
1.8959425483170345,2.1258165981474253,1
1.799201442982604,1.4655096803390828,1
1.231748116784609,3.844784552678183,1
0.8229718251999198,1.5364541688009894,1
2.0248059535315885,2.466651145379051,1
2.3535715513272786,2.788707232192167,1
1.3399133843415787,2.0090202589513275,1
0.37414671816753464,2.211592541865634,1
1.350699029010077,3.199064756247515,1
2.4371679931584183,1.3112694262022848,1
2.5335330409382317,2.292956341522583,1
1.9272885732934224,1.9864835616857313,1
0.5423135788952538,1.1244186010932302,1
2.367696444651564,1.5058958000438896,1
1.8913300250003555,3.9206306510251636,1
2.3637034574639646,0.9845820298322536,1
2.201318213122768,3.25754407220329,1
1.3286370777765417,1.1021625483840518,1
2.3372355972153875,2.237635595215563,1
0.9546173850899402,1.047841109635515,1
1.1950391308838204,1.7173970785948294,1
2.0314410728320524,0.8459325898986962,1
2.0879612847034625,1.893356489491725,1
1.7374588261925499,2.1399497470329973,1
0.4612782807833429,3.297108346776032,1
2.7381183458122,3.443248015070254,1
2.046958680358682,1.5542630852986363,1
2.631886563974925,0.5740084522752305,1
1.7845678896182544,1.409685325060207,1
3.905087853058445,2.952670461946487,1
1.5670265759719637,1.2694311446262616,1
0.9062750372316302,2.4375990521461666,1
1.238116777249875,0.9703165101614271,1
1.1459844441980722,3.6340995202050332,1
2.1153415374573306,3.1108251680379584,1
1.6623114369920993,3.288742483152136,1
1.99702558253508,1.8987445105339578,1
0.23696390421139424,3.0072955276716007,1
3.169334205570615,1.9390851068520583,1
3.156502682409707,2.739956071460899,1
0.25263950193921914,0.45528938327018564,1
0.9281937850089836,3.4916799226542077,1
1.5879922672109705,3.1255301554819956,1
2.2985971542206123,2.3804159839718837,1
1.6391726592993658,1.6090753123678325,1
2.1171502525116037,1.952608083183098,1
0.8290380476034405,3.0839523776644926,1
2.331217034045474,1.0402254897172418,1
2.257012577167613,2.761419957296889,1
2.2625289342311894,2.7819914586497987,1
2.258746337013283,1.7988188306725381,1
1.40943607603488,1.842457701733743,1
2.5881633943662545,1.0156189008447911,1
2.5089889620695094,1.0965129586489424,1
2.509443151362378,1.0772207176710173,1
2.195883573118112,2.10315450171118,1
0.9503261099258773,3.362110612234061,1
1.7196711277760701,3.0262868542875294,1
3.283022098556597,1.1454767690808056,1
2.2251680988973903,0.9075544913326732,1
0.6762461459999562,-0.28639816765723314,1
1.148979462305229,2.3827102026593705,1
-0.1042508246704239,2.6112962059558438,1
2.3343140286160144,3.881420879966189,1
1.0755744408211512,1.5426272235168463,1
0.6794182420578638,1.4406504289024047,1
3.866423108575716,0.02130353166001453,1
1.7023854843412078,2.153631206832806,1
1.7029620959774912,2.9657041805884066,1
2.653445556508801,2.0247854796722176,1
2.5878605250064424,3.559282780633264,1
2.842994064697751,1.4616177341855425,1
1.595560346345187,2.9541341653374955,1
2.820551398981353,2.305155798692396,1
0.7641018185535107,2.832216536967124,1
2.3821715309027742,1.2670217210830343,1
2.506059711940228,1.739740149660174,1
2.7042722073288927,1.1790257063463505,1
1.8244449419682316,3.109713406811062,1
2.0918412804389845,1.8050897959897245,1
1.6349795577728206,1.6980113077654302,1
4.148540719607677,2.407004061940434,1
2.965273867993668,0.3425460708953687,1
2.1380111247362317,0.9471340940409172,1
3.2398001358090163,2.491390480957933,1
1.5583541678075605,2.4397264802232925,1
2.19051316341677,3.4328130401888606,1
1.9218857630170423,1.268031569763173,1
1.4180885703854118,2.7120251789813916,1
6.344198740830127,4.458714076947013,2
1.2336655139959203,4.205854379037,2
5.17136415193063,2.824300105585814,2
3.871695881325368,3.9756605577755337,2
4.287646617912278,5.635691498773671,2
4.114949694215171,4.1766758962916235,2
3.7286618242460277,3.251667878364028,2
3.187953271845161,4.759776889069044,2
5.026145424487685,3.669302240072698,2
2.3895932267411597,2.6208768436791026,2
4.914781161529266,3.53774944336383,2
3.670371175209143,2.6732118402044005,2
3.5953261688482083,3.237068809196706,2
4.359195456044993,2.4070888814475238,2
4.618293608431394,4.684664946666944,2
4.213372602481958,6.302177193827913,2
4.149182233564117,3.963706221921199,2
4.19754854847374,4.526756118087113,2
2.1303811793891483,4.469935860757057,2
3.6130983573084863,5.574520577601652,2
4.406315049675028,3.6310015551803714,2
2.6024030661142303,4.887592986452754,2
2.757422874465048,5.267288574385149,2
3.9523716726601297,4.1181066291625505,2
2.9750630524467496,2.5558591917677704,2
2.4437837143656562,4.852230685998586,2
3.5351970743806147,2.344629421483208,2
5.114201043682,3.579204364209386,2
6.131549578734257,3.4555601491895453,2
5.266825998434919,5.0751085291207065,2
4.6135895058325955,4.261580687093487,2
3.4979346269906504,5.376739103501858,2
4.163227252505314,2.3722090391821453,2
4.499259331933922,4.640857753124376,2
5.523586489941703,3.8044647946212216,2
3.6528991569369866,3.5184341446810863,2
3.9570284575095176,3.839573615970763,2
2.8469794628650806,3.535819947647113,2
3.4680311913758533,4.119772952734334,2
4.339796294468825,2.246481837452194,2
3.877388345564495,3.2005607597978285,2
3.4193780388779715,3.959859542870138,2
4.113244483428328,5.138492541385615,2
3.1123259332683584,3.3872260003338193,2
5.856729877824684,4.171457886626644,2
2.0125264532986087,4.6528292069606305,2
3.787753553352834,3.6214668031320936,2
2.845155326357046,3.8465147987283497,2
3.5607883146628536,4.463136391009664,2
4.976294325233679,4.231248940863651,2
4.655024014008057,4.924303386183419,2
4.380186165439282,4.701417708970735,2
3.9148597090975357,3.2998827531682364,2
1.681701209046945,3.0617986401272246,2
4.169062155315486,3.489361786533507,2
3.793929128088832,4.772280239620572,2
3.9096321041369713,3.3499634075551814,2
2.744406732030184,4.431759959000496,2
1.936289997516504,4.685509400006551,2
3.1287679898398926,5.02254062701544,2
5.391719389001683,3.99779128652118,2
1.3402071858015168,5.478589282108029,2
2.3008214062995296,6.069529792518994,2
5.354504437269548,5.11251656347303,2
3.1337639181204096,4.5605570125428585,2
3.115142029536756,2.8234848980656677,2
3.742231869235481,4.1553321925211995,2
4.12962048412755,3.4707446528134716,2
4.525489232604048,5.064728116345704,2
3.296263608120096,4.900502684031828,2
4.60641691884749,3.982079010984306,2
3.422605386802347,3.454161692142863,2
3.693473198284466,3.4534337365221655,2
2.6830180182920538,4.430614889247556,2
3.259668160760584,4.094567653871052,2
3.0649246306853204,4.220757368221515,2
2.8295668906278824,3.761460872255006,2
4.5433335650889815,3.755901544483132,2
3.696990995257817,3.6313274752746123,2
2.563297571230719,6.8878198632753,2
3.055097414818101,3.3047271919580505,2
2.5475776289155596,5.085335754869275,2
4.422787694237532,4.517542020219905,2
3.191031786956346,5.031434457113636,2
4.52980501132831,5.4760668483892,2
3.776445693905848,3.0995209028340063,2
4.51576356205156,2.3743779932375246,2
4.747430095545525,2.9789166044931767,2
4.608169479226143,5.743782800146371,2
2.043497310973401,3.3919983403209786,2
2.1917469112880896,3.1193121776642667,2
2.4466483547486018,3.1341473171046044,2
3.3276482923447106,3.76942423184538,2
4.891027908796537,4.578800090150282,2
3.293031714727322,2.571622192612672,2
3.853916350379857,4.922384604808989,2
4.192516692549082,4.187030489656032,2
2.859815401401103,4.110849290619917,2
3.2457378236198693,3.6150376768420545,2
3.529935187156402,4.047452867076502,2
4.563624248597565,3.7963956182188925,2
5.850097486524959,5.021170133693846,2
2.171397892571119,4.543125379572286,2
4.291839591269646,4.433838867063639,2
4.751411945563764,2.735331297972052,2
4.023710536409384,2.9365020600599285,2
4.5348449198248835,3.3292945485527365,2
2.31344473773556,3.95672523428331,2
2.998173184774414,3.2373567030052426,2
3.800280414072197,5.1958064011929235,2
3.3781777217935636,4.231813000307075,2
4.570520094008618,5.657190746896628,2
2.4555885285563805,4.479704016383983,2
4.4961411184207405,3.0557873211255684,2
4.56092260843152,3.1950343574098428,2
4.713327414774594,4.775266249638163,2
2.3096056679020673,4.557201337647511,2
4.234416180849993,3.1042520754478016,2
3.1585755251666137,4.383369113569284,2
3.9061883366346772,3.5905701435459045,2
3.4771672017829403,2.6138868531400377,2
4.149396409918335,2.5710583622218444,2
3.533585923790282,3.8392309359976053,2
1.7638210267425718,3.590604428291433,2
4.698835364786331,6.241310200581139,2
3.5850548175698758,5.5295602617307305,2
3.9356098184603954,4.006824782163433,2
3.010562532443332,3.9601777602912205,2
4.498277343572906,5.507754718870647,2
2.374969542392795,3.5690251857350708,2
5.037038871191865,4.139072120418417,2
3.6933881917485754,3.9387246917167458,2
5.012946487408515,4.7431772982827765,2
4.906600796316843,4.252868801930593,2
2.920398059185891,5.497510422678584,2
3.1391300543607326,3.9171559869390715,2
3.0254559002731556,3.9788567130906918,2
4.168765203668465,5.620469301181614,2
4.422076962677102,6.6157067815899495,2
3.4345197137711208,2.3455179758629354,2
4.684087983460147,4.787758071658313,2
5.287245205120399,3.352558631443887,2
4.843769870953972,3.863821942159502,2
4.495269063682211,4.752732649196686,2
3.420544286848783,3.985043766753955,2
5.534874978656993,3.7615917701759276,2
4.125959912134687,3.315811168299338,2
2.224259536663868,2.522428445500337,2
3.586104095534167,4.742956839053777,2
3.8637314310552813,4.484232902272655,2
5.2730647053106825,5.751596189799765,3
6.904490405950289,6.775963326305023,3
6.349979626156043,6.3010904590019905,3
5.394134396916447,5.857630614221707,3
4.794663028771011,5.481801345820663,3
5.79798374407461,6.37467834887865,3
4.8509740826346075,6.037259014785183,3
7.39481956637953,4.299492220648718,3
8.02960340226811,7.632423823833253,3
6.523751338259541,5.37584420117888,3
6.565494525735558,5.811639556815263,3
5.593865931731255,4.8756441842949805,3
7.342861665628192,4.8657272689332345,3
5.945625844005093,4.830954563506437,3
6.743150189271896,6.910498944972536,3
5.085443075470512,7.063757375395489,3
6.677050026361551,4.686590483480445,3
7.655235885880252,6.083487791355827,3
6.264251067774304,5.790074478445334,3
7.4366496899033905,6.794281216576833,3
4.931403371720926,5.488018061986761,3
7.4888757220579345,6.601275765249194,3
5.30233071564404,7.375954034693786,3
6.383598595721904,5.274163490006097,3
6.589949974945359,5.586474527047848,3
5.082709383527397,5.525757398031593,3
6.009013721202522,4.485086767797595,3
6.417306185780918,4.826876243663115,3
6.906053438413066,6.398538261034078,3
4.905907647929512,5.712194169160178,3
6.134783819576028,3.725692328533833,3
5.40581440107047,6.496814930851103,3
8.162055823285652,5.036597585056082,3
5.4790245393831025,7.485731193382147,3
6.936087251750409,5.131565050745938,3
6.660428869991433,6.2042968162497285,3
5.208283048541217,7.186808950294687,3
8.672840258152373,5.005553252431194,3
6.5449519027565985,5.890408072902094,3
8.698410960988141,3.705361273793585,3
5.55926500743751,6.183857113424446,3
5.754658678845083,7.422887029689661,3
6.90219440174386,6.020851105673075,3
7.557011953854478,7.119447629064242,3
7.314641910063706,6.40346880455834,3
6.543936749142543,5.1597599751223155,3
3.7719422927249786,5.106374553162078,3
7.178197458184426,5.2283421901003,3
5.161543447445397,5.985874129945901,3
8.07735209036106,6.456634472682779,3
6.141602152313529,5.45005255973676,3
7.134293272772233,6.7915424745955475,3
5.964609173080997,5.80497860720377,3
4.9618117196224505,6.443880961134294,3
6.960660030632452,5.569636546867397,3
7.696773336984689,6.575067742983057,3
5.474996603339411,4.2681220138140485,3
5.618916128490392,5.428274532750813,3
5.217393146551592,6.438687861786244,3
6.154192579928321,5.665454551063666,3
6.13091785450296,6.327523037884006,3
6.323419948000067,6.403087651991716,3
6.94256576825155,5.783103013167705,3
5.986990721084094,5.795367651565688,3
6.592204983721127,4.507236530121514,3
5.320983442672265,6.471441948429141,3
5.7747318206619935,6.468314901756699,3
6.256921986754781,4.247577559094251,3
5.997016593015575,5.27849986405905,3
4.65752126639258,8.723769216283927,3
4.788034432184516,5.11123384313086,3
5.816791550889326,5.809762100627156,3
5.820263680459277,5.978390575305138,3
5.3256931535884195,4.550428326448969,3
6.123097731902115,6.995141374929161,3
5.611090620276932,6.432289963847255,3
7.523376187008178,5.287318463675722,3
4.539866258963894,4.997282703352648,3
6.275451433508849,5.829687586795455,3
6.583489678359522,4.4725625090257335,3
6.759349366164839,6.181577076842849,3
6.453815232124887,6.026895436876389,3
5.88909761837624,6.981739651219504,3
6.587418369873355,6.560900277829564,3
8.677444732403856,7.572788998325017,3
6.204748581583039,4.353121386231585,3
5.455460051392304,5.211315316134766,3
7.156506978570751,7.353144343846214,3
5.588832609734713,7.120624363009133,3
4.60780355584552,5.718750038651041,3
6.257265523787856,6.196799675110249,3
5.4629715500466025,4.076554859245521,3
6.522736733093523,3.8249506807195295,3
6.7810333473802515,7.161596312562355,3
4.970837929236044,7.140912659471897,3
5.298292087490433,5.94553804971111,3
5.658595077190253,4.494602086237136,3
5.296333596750627,7.3850280381934805,3
4.472569425705861,6.109629867493891,3
5.621591186445325,4.173670790874725,3
6.706653373861069,5.3444306100920755,3
6.053525537220084,5.51205197277822,3
5.86984855336814,6.126432260450545,3
6.109621039441922,5.756309135690564,3
7.404783573147235,5.973701151252984,3
4.932189515976127,6.552639753053358,3
3.9328420613832797,7.375884590022269,3
4.975996084740916,4.370775551602198,3
5.03250453598163,6.113645831105853,3
6.218566323605136,5.516988833749771,3
7.054917970716915,3.3081923295200104,3
6.453703815523645,6.140705826451332,3
5.568538667662497,7.537217720281873,3
4.16837487201303,5.303339014795328,3
6.38673208910918,5.689388134950191,3
5.514758997099363,7.959243704009691,3
5.5682377641687095,3.9104238411227596,3
5.133927570060308,7.037848456779697,3
6.924588624360212,5.885778661223515,3
5.732354097030011,6.205131740925165,3
7.05295085939361,6.050335953879798,3
4.8308948020665765,5.971397882748859,3
7.856896827664693,7.357159319328293,3
7.718181456825692,5.7419001386929835,3
5.587014084336467,6.1600218071288575,3
6.362970843642763,7.420201248567272,3
4.4267696403941725,5.758642161719129,3
4.953193709178528,8.400465646843065,3
6.92168108127799,4.253836697095295,3
4.801188851424781,7.416989770720267,3
5.7406818007644125,5.1955174539219575,3
6.2480569490808975,7.91115019395029,3
5.559667318742961,6.7815680923348225,3
6.016475639239773,6.410318576463515,3
5.799858373572741,5.3246421337570595,3
8.040201001481417,4.426051702168219,3
6.426825828494968,6.494654733677486,3
5.664863803035923,8.23961393481625,3
7.149855238723449,6.971130595744274,3
7.845130609126691,6.222563073281397,3
5.928440754240399,4.92545926656177,3
6.631029118736198,5.403635961702628,3
8.334412098246823,4.724966798984999,3
5.304926001392533,7.936826263864729,3
7.692277836534208,6.495411037859533,3
5.55051838718475,6.935690254207512,3
5.906301102156635,4.571759694909196,3
6.718831222297779,5.165844990691509,3
6.058991296462892,7.213961474358165,3
5.896821422804504,5.408784846184688,3
7.748303328612469,6.027163233680742,4
7.296876171512726,8.264706942300897,4
8.352644599690555,8.25567396874772,4
8.4333841362683,9.986770188721394,4
8.601410847485228,7.888721720268727,4
7.984365774747375,6.698726074907465,4
7.822064044753695,5.187577085204911,4
8.16736105626361,7.087368619903075,4
8.398230591344113,8.426706244897675,4
8.73587940946113,7.879106807063354,4
8.710777529403607,8.87751054725527,4
7.484812600003911,9.367037400929721,4
8.384502639618944,9.138925919895467,4
7.728910928687698,8.664993907173054,4
7.128905320620383,8.300952897229172,4
7.585841335176888,8.999218736004375,4
8.765652270358625,7.1973327591084235,4
8.899790989970109,7.284695278397517,4
9.463305686563055,7.309965534240835,4
7.812120560832645,7.05255191107127,4
6.714302114503738,9.028631938423107,4
6.469970811995629,7.5056198337050315,4
7.089036151373952,7.167785781474969,4
4.851054699945992,8.994747159666803,4
7.171605420229917,8.224625756429676,4
7.43648547861401,9.253843690436208,4
6.729286777732868,8.061558339026798,4
8.246730207749373,7.613669549742111,4
9.54995871105073,8.019546718874304,4
8.283631187850723,8.893596376370176,4
7.693323784089497,9.300727224103404,4
7.623974404923641,7.25236594868166,4
7.906344954149937,7.513675689442416,4
9.517088495463952,8.374710739672361,4
7.184088421593034,8.163342354864808,4
8.440403217490287,9.05853759287077,4
5.4030270909579805,8.37481077498202,4
7.576857820388883,7.8930165066810565,4
7.897200308135639,7.872015456691486,4
7.245955582887151,10.383923560367737,4
8.119750400954477,7.415209687279445,4
8.638385340544223,7.548769392575484,4
9.473653755281859,7.45400957138577,4
7.0681434573576984,8.834532165799901,4
8.691716297744659,7.0351364343832055,4
8.060516884317458,9.125102470409425,4
7.530898301231297,9.94344807732287,4
7.845766316683597,7.984747994067454,4
7.551352820123413,8.719199397665191,4
9.377877580838572,7.140209023073411,4
9.331950698775932,8.219254663338198,4
7.22201854023689,6.446863534056043,4
8.373720558723415,9.200703641453073,4
7.914145640472121,8.69101718812325,4
8.395117199588062,7.05368374089303,4
5.797569976356542,8.595430614401314,4
7.148135880098543,6.741058771484344,4
8.093583659647955,7.5815209256575695,4
7.652877346284114,8.710502807468902,4
8.459059671896798,8.703087007069954,4
7.507882121182769,6.811296735931732,4
5.71771316231621,8.508346297135734,4
8.053606347775098,10.420972752717661,4
7.937807218807396,8.797678525536808,4
7.378730577696779,7.340988270220172,4
6.878329132891784,7.357824594635701,4
6.37950389463848,6.809171387993829,4
7.242829944012248,7.297041433307325,4
9.009778793849298,7.233625098275271,4
8.355503160342913,8.010434898070894,4
7.016251972943506,8.377110815696387,4
7.426284125733729,8.223466179438587,4
9.189392657120692,6.910645567370846,4
8.806462494674056,9.329581421213845,4
8.251248824291764,10.511629804251621,4
8.54865760254426,6.995296762163384,4
8.755902078078357,6.079121597441451,4
4.196146927712357,8.247543856149875,4
7.7341464828363975,6.574183906198696,4
7.33840245216817,7.1630613806794425,4
8.790150852948024,7.6802205602888165,4
6.794722165873777,6.535906136660691,4
8.478544532022681,9.204491041440413,4
8.157373467079061,7.2182063879671094,4
9.29635253014791,8.42347943051547,4
8.45882522024472,7.425749954883624,4
8.003822224004082,8.558148904301268,4
9.333713036459542,6.25556427549669,4
8.4155512943337,7.385867597190812,4
7.827788351122475,7.06353603200871,4
6.816223271171051,8.852586657383188,4
9.643640597084719,8.73154572461943,4
8.969931821021454,7.064170522891169,4
8.49753331846257,9.213261858114414,4
8.059533718527915,7.21108039157389,4
7.0405967604082225,8.975765935312538,4
9.493146421042017,7.370836778560165,4
8.74569400102842,6.341873917363215,4
7.757379976915584,8.684063693964305,4
7.419418398862333,8.196819450225247,4
6.989811964844574,7.749047468295002,4
7.855650306889722,7.890265634030671,4
8.392271510478633,9.1480329173576,4
7.645228482039281,8.67885819166805,4
8.239017631672136,7.131548670349758,4
8.917986483106123,7.585104369467378,4
8.07190713368186,8.83989313186631,4
7.680646202345238,6.732496505928375,4
8.3585211602057,8.687847249779743,4
9.32254890634396,8.451151077165399,4
6.316474879594928,7.569489024983752,4
8.543362014050345,9.930365451533033,4
8.564955100274117,6.867794986185957,4
9.049128937343388,8.605601936594336,4
8.623515188911504,5.801892516565875,4
7.600740398064209,7.990374382455663,4
8.423852866146248,8.490984202539583,4
7.072495965443558,7.79669656829152,4
8.029804063766896,6.487981077013004,4
9.60424245432904,8.808837288716484,4
8.677418662403344,7.570501889452232,4
7.7165965788688,8.357564711933252,4
8.523334475593254,7.1661105409686625,4
7.914302838883931,6.301929119223534,4
6.653228801140371,7.414750997700557,4
9.3350902657521,8.71101802226439,4
9.233688017216577,8.7208058347933,4
7.389988462038669,7.827054508681465,4
6.831502469517376,6.101920360884748,4
8.014538169612225,5.536302044734777,4
7.720593328906421,7.304775938045431,4
9.219197666407933,7.921751099683317,4
8.32953198547559,8.824565141974702,4
8.016691761312435,7.491167984752469,4
6.566732613245531,8.917415303052556,4
8.41373516559598,7.482988705375304,4
8.864827531439849,5.932602582514958,4
9.385862476389836,7.495676145853318,4
7.317751923825196,6.462205515073425,4
8.204285366573192,7.715988851846741,4
6.868349870105424,7.616613739305511,4
9.710782782644666,6.780360967390521,4
8.018243542864328,7.397173215962261,4
8.174037020780691,5.976463497378848,4
8.710212933090373,9.128636279256625,4
8.407344638100726,7.830151586592569,4
10.007790352416684,7.052623388797858,4
8.591423815223127,6.842010676881397,4
7.76374555043876,6.411604058452761,4
7.696430993714695,7.293581213640037,4
11.229428211370658,9.2721138986561,5
9.139013487974246,10.820352272305652,5
9.974359205382878,9.324132505786574,5
7.933741715211657,10.184611544178704,5
10.464898432574252,9.015282307429134,5
10.00641599541315,7.212677042773687,5
9.157976024532541,11.108591475805715,5
10.251140018357479,11.205901384298357,5
8.595295181750513,10.132917025586321,5
9.176075794299372,12.422135392186943,5
10.70448843878915,10.964429493650885,5
11.4146539086423,10.455797887607462,5
8.599930683469928,8.594917317943015,5
10.080672765673375,10.581368889038794,5
10.713369587096262,11.251364973690254,5
8.771810338630633,10.441996461572966,5
9.858988659848107,10.705727002320309,5
8.911126240292432,10.470621188218438,5
10.213914317270323,10.372566170108486,5
11.18289614905622,10.760308091338574,5
10.989561681931576,10.559141947282498,5
10.844890752854635,10.400540252342768,5
10.235582873168493,11.5404967385201,5
9.65171162971758,11.257460329895542,5
8.221791577434422,8.955046358199343,5
10.119810209191506,11.789488574079964,5
10.398833424400866,9.476374618471324,5
9.417122244119737,10.658099505637919,5
9.251190424498938,11.750981638668408,5
10.050330879102535,11.467199282619719,5
11.056140159570791,9.97282829027412,5
11.12399122902765,9.053471377355745,5
11.118763110649674,10.50500419746477,5
11.037362773824904,9.45680456306446,5
10.594074039919567,10.386825003553826,5
12.05821716274532,10.3150897821172,5
10.295288722940972,8.751550104115747,5
9.534404551513006,10.268613877538723,5
10.218262791963564,10.47492507209294,5
10.996220284950729,10.992683915584422,5
10.985658901750316,9.762405834591808,5
9.80533535714474,9.578537491510364,5
8.955269275273666,8.903428104344274,5
10.409909681611447,9.389174592766324,5
12.066853954069764,12.228030310359657,5
8.997209042812283,10.343878777998967,5
10.251431390297187,10.477092591028729,5
10.297733710021932,10.90940833237162,5
9.062958414312291,11.316118673862157,5
9.450334452671468,9.942742017147959,5
9.195329669490096,9.098893056477287,5
8.330699356377796,9.400845287069945,5
9.450537650573386,9.010056582005893,5
9.216664682942087,11.18424427582707,5
10.343188861038781,10.87965649018223,5
10.240004264585325,10.334608523761146,5
7.9680327238832875,7.022145604107939,5
10.052534464801637,11.309179789676708,5
8.87947451293309,10.780522400111186,5
7.307812713529607,7.793488835490099,5
10.043809919239564,10.914514878241931,5
7.946866376469465,9.599462970139575,5
10.593976649897794,9.00321190767725,5
10.729681887259966,10.22610143913263,5
10.564170094177248,10.658651700644207,5
10.505802201891369,11.727967391280686,5
9.221113794680372,9.389077939101428,5
10.752856720722292,10.738348029032657,5
10.294971769574072,10.701904678656685,5
8.821752465662676,9.44947341002321,5
8.104967424090436,11.158600118757903,5
10.808273887602246,9.5497400421349,5
10.534951370484197,12.663298470272453,5
12.655004388430488,8.056894133169688,5
7.5083521884287645,10.663416903457174,5
10.549114978760231,9.17658388788194,5
9.214531596536725,10.279963746737467,5
10.646061357054196,10.400830901446085,5
8.973647294099237,10.970705991054169,5
11.074258461376743,9.758763505189927,5
9.570879837116104,8.581933606201835,5
11.061425032145571,10.47043851427017,5
10.764253464770313,9.763200209435952,5
9.200325360479107,10.401559222151795,5
10.499932236449357,10.73911751563685,5
9.260329604397146,9.592175214894809,5
9.517381216554005,8.433300569601428,5
9.66606509411656,9.641084244152797,5
11.63855868990606,10.007892835888764,5
9.410576829058336,11.012389367047989,5
9.207653894563501,11.010694370821264,5
10.618346287480822,11.458588664772178,5
11.030148592543139,10.712646831128604,5
11.873512176787212,9.649100465688159,5
8.983515365439342,10.272952088072357,5
10.902244599053422,10.001767737084927,5
9.82354242336937,8.881322358458778,5
11.40187477135441,11.00078905817011,5
8.984570115460945,8.215134420179197,5
8.81729245834073,10.189902895864419,5
9.1145892627148,11.101711292015105,5
10.92672618801363,9.93297962981188,5
9.378390447817681,9.544161024698475,5
8.880860327709371,9.707144817935637,5
8.602672126259163,9.381105147972038,5
9.743423263969115,11.327597506325302,5
10.205367041528664,10.961967810277619,5
9.849260252053197,9.055541073805434,5
9.90175878541501,12.791624923282523,5
11.094495991417979,9.58123449511218,5
9.40009599247758,10.230463700962074,5
10.400106670451628,10.988033599543055,5
9.991206258820279,10.249662499377347,5
8.250579877371443,10.24266989172568,5
9.436359702327273,10.029307230469287,5
9.972554076366006,9.161100096555078,5
11.061464150469252,9.436028570801717,5
10.415650561044023,10.743196261262737,5
9.081493880617524,10.58120063992668,5
10.898497812843992,9.627198557940265,5
8.98447798888162,9.279621143511813,5
10.47364580380149,9.810052899515368,5
8.594477549760276,10.368685531062122,5
8.83712091932424,9.140713627455781,5
7.965414964080311,9.41785329880271,5
10.009758043834516,9.311296518008245,5
11.121124395108488,9.158590725867947,5
8.314155223806196,11.382453099804655,5
10.059650798144702,11.051210391620492,5
9.195958936880208,12.517043580816745,5
9.503467317505002,9.279591268612092,5
8.1071714870902,9.854651371105383,5
9.963845043871162,11.020844753810586,5
12.16142577221404,8.558887411630696,5
10.216603585947366,9.9965727015149,5
9.94202980230741,9.501023999487074,5
9.06512746497395,10.820712156867552,5
10.691179799477334,8.441968786956036,5
10.513628811363699,10.198158261655324,5
9.397948728912748,10.768323243736022,5
11.23937124431508,10.768273055022098,5
11.6086379422122,10.122730282433505,5
9.069959106287572,10.412913845250106,5
9.025998446191068,7.834193770806364,5
10.048186539582206,11.27591422038923,5
9.628157534500522,12.8914238054785,5
8.980888801394132,9.626222634546687,5
10.672575692549795,9.026822235584097,5
10.662784373454205,9.543456952400224,5
8.794428603348088,8.834255223475573,5
11.756191426623547,12.74905931672481,6
11.623860666477311,11.888896834878864,6
12.394042607340328,12.816098357421462,6
11.695562115619994,15.352834657097896,6
12.380308014218464,13.128297004612275,6
12.743823605944936,12.964961178322245,6
11.205465147020435,13.731171120259173,6
11.37912301109296,12.645189085936336,6
11.610004810834177,12.470758437072442,6
11.48231395580322,11.374795325914965,6
11.607619734612836,11.747883758583123,6
12.574321990903124,12.961204279359444,6
11.202047499487561,13.92471553255404,6
12.273473983637974,11.35579593476867,6
10.645007541704679,13.210640015579186,6
12.227104123353493,13.379464628123847,6
12.756042638651325,12.247502798875466,6
12.047134506096542,11.044140375194198,6
11.439981659332803,10.79362772252279,6
12.452061746883375,11.30475404993113,6
11.711092097851745,12.536807633391563,6
11.107005268721533,11.122259707646025,6
12.730600302289778,13.163061925213778,6
11.236018820809372,12.384045249710777,6
10.456533918073596,10.631084547363972,6
11.346206405983011,11.196616728694753,6
11.816399923309893,13.245008001778384,6
12.572867082112307,12.200292468373448,6
10.202557527886878,11.29711783353563,6
10.532014262715395,11.153261108626879,6
12.798276722333274,12.122839524326352,6
12.133208996755501,12.878867377491195,6
13.44491500498494,12.988266968536793,6
12.268472293484178,11.244065570254724,6
11.69846216242853,11.943436669360416,6
10.971743973953549,12.825694172311596,6
12.652310982584323,11.583149695589622,6
12.738089657804476,11.763605661008413,6
11.180613721192671,11.70028816654975,6
12.632540848977175,11.703457591906133,6
11.26118477170785,12.58515724283873,6
10.360055899831767,11.967584823646604,6
11.699992635957999,13.212814474371337,6
14.132250713878399,11.52464240889459,6
12.158120535200956,12.275981859747265,6
12.093560419328186,12.535778608666398,6
13.5701058986871,14.334710977205157,6
12.711595832211895,11.846561805867275,6
11.450879324789133,10.647788615203746,6
12.32797313294211,13.458590297194261,6
11.37506013510513,11.70207616862872,6
12.424331914271768,13.757059535038799,6
10.822795264107873,11.261739306859072,6
13.571646293677336,10.906988083734362,6
14.043379365785231,12.064116057661206,6
11.793580810125736,11.084106876929186,6
11.564329768377513,13.207544692798168,6
11.399749654752153,15.373232308699949,6
11.312055809752035,11.713142488623985,6
11.53596871197194,10.87746726397606,6
11.879433532008479,9.87314444057829,6
12.27534512784856,12.275025083989142,6
11.689416376893982,10.334657642972095,6
11.247825891516115,12.547852136756617,6
11.783784688884161,13.194607451163165,6
11.319686598497166,12.164432535183085,6
10.592916612232191,11.085373665980935,6
10.45739255624946,10.469712757716378,6
10.4734393839716,11.952631329588076,6
13.197324496844251,13.015239681480919,6
11.252927646186267,11.94621001672199,6
11.26244889174722,13.27119125826442,6
11.665277213739246,13.413413582324276,6
12.993011628559104,11.456503913365161,6
10.954426486149753,12.430677271777123,6
11.294427342392483,11.633771763876428,6
11.589428807763742,11.710600446441385,6
11.619685788637703,10.535540081758764,6
13.4528552586495,10.979083952012587,6
11.347142248176903,11.490545244225027,6
12.303990275063965,12.882722694294076,6
11.282026961510573,12.023488198087252,6
11.791717874269741,11.165904437049216,6
12.093784855127863,11.723518606134014,6
10.753802589199184,13.716021238763728,6
14.439286695112209,10.033257354574928,6
11.43137441532419,10.68555919838363,6
11.670185110314192,10.485360796271266,6
12.262148267627659,13.40999028516507,6
10.984722431431935,12.623890818498465,6
11.401857586276508,11.734606932953039,6
12.982103780850055,12.31564844506639,6
11.301917509010202,11.369205308871969,6
11.96053166928226,12.765559128407341,6
12.306347840851346,12.16967831287856,6
12.356699036867887,10.376951900866882,6
13.459530497286405,12.398365171850012,6
11.929059295199567,10.36809049387751,6
11.685726397487542,11.791299375440254,6
11.913641735989641,10.945687570456169,6
13.222901058501424,11.503690842738198,6
10.170923563419894,12.120820205027673,6
12.301085323419414,14.264689546765187,6
11.195164605883937,12.743737274105037,6
13.393991071012909,11.67513376808613,6
12.705308602919615,11.380824824549917,6
12.278397963700055,10.698848063592273,6
10.094138616474819,10.563129937018594,6
10.334712734792234,13.006027151517559,6
11.663286525480798,12.654674314516948,6
13.908608104118215,12.215045516183464,6
11.626150315745878,11.555167205942432,6
12.468518484706369,12.118764014004215,6
12.847443564690604,9.900016869344157,6
9.882322112314787,11.255662923214517,6
12.799299857575281,12.25045516694325,6
13.781520064388198,10.684147707652851,6
11.742690183553046,10.991079042286785,6
11.500179306094754,12.710854377552497,6
10.833783967919135,12.324638812535774,6
11.89716108059917,13.784671844693543,6
11.956590812333316,11.245407309868249,6
11.168748538131386,11.6590052315841,6
10.725274692773475,12.239151751327247,6
12.508321090999473,12.74719721327968,6
12.499052621557752,11.984971614977075,6
14.18448102565357,10.108781892739355,6
12.249025293752673,12.757846312039247,6
13.623690870599912,12.673844493518958,6
12.191238045082653,13.978390174918385,6
12.855163444279372,13.505537906190211,6
12.556215195841936,12.369814881308313,6
11.929432910135194,12.052407509392648,6
12.625499395087365,12.429244492225688,6
13.14642704453622,13.170522710569887,6
12.621771680998691,12.428544580201537,6
12.525815318880182,12.035300019088197,6
11.626780356940213,11.52834689755469,6
16.035028904870508,11.512181564918867,6
13.260786247765564,10.681794827288314,6
10.997839268968331,12.605201471793606,6
12.400792015669754,11.393530572061115,6
12.653970559983557,11.965532205923283,6
11.42159589062227,9.90627267445228,6
12.812559611646263,13.176105447185419,6
11.853127444856039,11.446273503258052,6
12.293164560412498,10.976099980345689,6
11.713175313784252,13.956049393165618,6
11.269182564951315,11.289741893242393,6
12.34880601572613,11.614201506658556,6
12.321949389618359,14.105047831144024,7
12.782526214912934,15.019400903047647,7
14.530020366940652,13.797802309949235,7
14.900732656123681,14.353715679213177,7
13.795798352507743,14.990676526848446,7
13.774306369188809,14.793554220820385,7
13.522118566449295,13.893235499200825,7
13.506977448154899,14.687695716598396,7
14.524755418266526,14.581566069715432,7
14.553406125753336,14.528709327544558,7
14.272482284359514,14.318036545312294,7
14.385158249438884,13.549085481654732,7
13.753456083376866,16.05618650407828,7
14.344835757911062,15.86267334760902,7
13.607012395292893,12.561599685860326,7
14.6978858326049,13.70482030995536,7
13.93957819950043,13.697327945396825,7
15.17677566061476,13.41380816597789,7
14.768945371652363,12.446989955208029,7
13.804418803661076,14.179748224140605,7
14.621535476570035,14.841557256254822,7
14.860366592616696,13.405767815931526,7
15.29742294097414,14.233204273615367,7
13.494641792936063,14.255855894454616,7
14.708028813040977,13.796843924572961,7
13.958692770885417,13.73410676962359,7
12.644353231037552,14.194577515806644,7
14.363697006056631,13.055962164948875,7
14.17916538386322,14.099867245004242,7
14.834701099665727,13.582603822950391,7
14.37493807834467,14.0464815283198,7
14.046144721856638,14.646435720371347,7
15.543423996824307,14.833403606784147,7
13.887688807078657,13.717669597777679,7
12.312839237182331,14.796612587576766,7
13.98813453866134,12.25677837120714,7
15.214516582986422,13.087836886174465,7
14.512424071840027,13.89863157461952,7
13.305478360088628,15.16332588819012,7
12.933441876350123,12.504245812674945,7
14.252200183157221,12.88738105142567,7
13.252858913308698,14.229455118017505,7
15.088770690931499,14.753948196754521,7
13.259073340837118,12.851833123227717,7
13.928154039054785,13.779312071128281,7
13.30112439195561,13.30731583414152,7
13.214775643148547,13.361933053508094,7
14.016015393961888,14.514608922806254,7
14.797874168298991,14.230122453760298,7
14.607375813546838,12.718059214086585,7
12.942857488833383,14.456596258974772,7
12.46985313580949,13.834441603489628,7
14.06839189275082,11.999400238867981,7
14.415794884126349,15.276962524930749,7
13.909920979737846,12.596782640083246,7
12.860695185188833,14.433170002504312,7
15.10643736215186,15.078685088450593,7
14.034149976639402,13.243332241680287,7
14.018584824073049,13.677299175481616,7
14.553469214161785,14.040569070085578,7
14.584649583847723,14.201668637979369,7
14.914957705671227,12.086904107914384,7
12.856769084292202,12.881492437557148,7
14.581778952779333,14.046795229692897,7
12.422006973619226,14.339981497991973,7
16.632264799611576,14.066788219617639,7
13.593465014676791,13.35062245998985,7
14.812270581034339,14.346072338785657,7
15.765915845387005,15.439513383238308,7
15.333895819558618,13.593394014894065,7
13.755555174465789,15.935220383262056,7
14.124795501538596,14.602038196114455,7
13.547482832639961,15.079643796257733,7
15.265056910897115,13.48536405967162,7
13.896257165271724,13.307325666295105,7
13.369736449688535,12.924396878890695,7
12.872812892504621,15.93172194473026,7
12.541858854958011,15.380937072377678,7
13.370723350504768,15.133336968527416,7
15.618864356978374,15.237722718341782,7
15.208306731765482,12.502510054819194,7
14.764769759860553,14.287337414138538,7
13.66853043616244,14.209260590725997,7
12.0037122464281,12.347878806364534,7
14.689513350296155,13.84780443866386,7
13.434419761859596,14.054524088094386,7
15.979064366542419,13.277518299484324,7
13.878298381292621,14.379122181536605,7
14.997504032842548,15.028458433030774,7
14.98626761319262,13.134923290547796,7
14.422119444424633,12.118471642285417,7
12.155354754190112,14.1063386849812,7
13.380551885939111,14.862348342623314,7
14.381300651164784,14.895949716784392,7
14.122651826836805,13.990070322510348,7
12.307591920710227,13.476207121674188,7
14.485782708653833,13.914826389806391,7
14.389518012921622,15.12572567418949,7
12.649922965361778,12.497797408153072,7
14.019999930475919,14.294987130307803,7
13.622872039404234,14.048915586072308,7
14.372137010278248,13.262614591019037,7
14.779356588530948,14.569764840100301,7
12.716061110540096,14.796747657836065,7
13.683031702197233,15.313268274172788,7
13.493261946257123,13.664689730915455,7
13.201166750523301,13.335426242938718,7
14.577596654800633,14.321162331083853,7
14.68223060500757,12.616550564101864,7
14.790595281218334,13.930035886757183,7
12.722741245827144,12.457395967688992,7
14.517679471224692,14.072456998004611,7
14.762743936225398,15.030055654463705,7
13.795185848513707,13.694304092490203,7
14.655892198991248,13.23675653115543,7
16.541454356985845,13.016701336380432,7
14.82669750239933,14.60739834515427,7
14.371470648174075,14.934576386680728,7
13.916305046021932,13.560594531369443,7
13.331990195939962,13.927469172262679,7
14.44064086713472,14.28092293752735,7
13.277813770399113,13.628962119608977,7
13.769051615963818,13.009968855763656,7
14.622765717562128,12.31905904264753,7
14.372550056778321,15.030778972273803,7
12.751981337661764,14.30483462011296,7
13.2120415232759,14.861823046707045,7
14.610684260102643,14.067502509326703,7
13.598236257984476,15.060718704639283,7
14.326812471905209,15.421659775112241,7
13.059940000285765,14.235136442866462,7
15.40905765487795,12.40469149148325,7
13.978692709826692,13.045026572801538,7
12.922816074367827,14.556362209018332,7
15.638274565392795,13.237785644766326,7
15.85625030891862,13.674478970067426,7
14.55473246001003,15.19852636977892,7
13.809460423262607,16.396878880078347,7
13.674028511181708,16.37956445773987,7
13.351593232384865,13.03409962327795,7
16.179627926277963,14.615407418398089,7
15.153292501937743,14.741462274520062,7
14.792723325572856,12.891532643242263,7
14.275128716195082,12.628771392803582,7
12.728098548393724,16.30582437495648,7
14.065174907416694,13.37737795632496,7
13.840166934194267,14.037897296067417,7
16.360579312912332,14.436054268689238,7
14.629057165949934,13.444774481508269,7
15.141789173692803,14.239555699845893,7
16.31085728196576,17.329115238583054,8
15.634529472397341,17.7382689876653,8
15.940282644064549,16.97269667016321,8
15.123525788707655,16.048633757401472,8
15.750202146438367,16.347633992168277,8
16.232967766819165,15.801820533160708,8
15.813987507740798,15.759092326577848,8
15.196437725550263,17.063417684450943,8
15.48855780698824,16.296114316514785,8
16.79052338659782,16.10664003337605,8
15.82573520584047,16.17068633715199,8
15.063392555675025,13.558473196658964,8
17.071115695633775,15.71113329709571,8
17.70016764969801,15.515825123270844,8
16.75163274201752,17.22255480021593,8
16.36940453930555,16.828317584332087,8
15.582538404319228,15.99137580586903,8
16.22797515633072,14.958714369962475,8
16.295303457072094,15.956300339997163,8
15.883577372735965,18.132094551907304,8
15.172093553289443,17.33542560477347,8
14.676005518785407,16.200528581882995,8
16.908032140580374,15.554806518616482,8
15.882428119956149,16.73543235339909,8
15.926654126859463,14.065303171171749,8
14.663652472428755,17.271867093812837,8
17.1485025841725,15.735588823995695,8
17.200055630729256,16.460812018235302,8
14.447771238968071,15.960219813674897,8
14.70387056642383,14.870087279596504,8
15.472690305610618,15.644741727776074,8
15.662088197941573,15.49892462137143,8
16.55756433480339,14.519248934989323,8
17.481935999198516,16.569032708123377,8
16.805732487755115,16.219222819836098,8
16.170152990431728,15.906630958898509,8
16.596116249942366,14.937870058520543,8
14.818602773367957,15.875832538480887,8
15.817684247425518,16.644204082522723,8
15.483340739712931,17.183521753806303,8
15.599230237538247,16.413945238310852,8
16.384074598233404,17.127196685309826,8
16.255248089952378,15.620940360794185,8
17.45939452534006,14.734901322145493,8
15.925100240641786,15.713642528072507,8
16.17876609272386,15.95076649154994,8
15.188903729817685,16.493043139016564,8
16.138980774724594,17.139156873249874,8
16.02809123603643,16.08141404978919,8
15.292502321560933,17.123463325752912,8
16.06148426215384,13.783622611762576,8
14.822548880744002,16.5900045337549,8
16.123174542906757,15.161010104379491,8
16.058736987329944,16.725840347511518,8
16.56033601772489,14.264810713023662,8
16.765812109511273,16.45849160993384,8
15.726572176391745,15.904644401189271,8
15.665669859062373,17.22619316159712,8
14.256783665505372,16.274182786050375,8
18.032757663128443,16.362529090790648,8
17.235218724255493,14.188548007664567,8
16.010399152586736,15.6095059061716,8
16.211193656087737,15.31582052778209,8
16.953957695332118,17.197627826079195,8
16.246657654311697,17.570339517020262,8
16.449997000801382,15.268996862524027,8
15.67125038495836,17.45483130924296,8
18.833347132626926,17.319593183831515,8
17.516706618319187,17.94385032071564,8
15.511058885442276,14.81473752573413,8
16.312831593073835,16.44734774755576,8
16.67289857520506,15.627136282998592,8
13.875738877067658,16.5636214902222,8
16.713880626195582,15.816633844023675,8
15.131841948129837,15.135122291448214,8
14.656439810105484,15.796177152417345,8
15.508815068633993,16.04690802968231,8
14.874933855205413,15.483576466951265,8
16.572265473668892,15.997379616849392,8
17.300218302170073,15.63065046370226,8
16.21054667170635,15.507930788107721,8
16.473868493111784,15.207161162918059,8
16.352812945041585,15.325426498964399,8
16.85835854563928,16.538044523388272,8
16.633712748367913,16.573373680094758,8
16.211360837329647,15.765258913491367,8
15.739743127014284,15.512145630825882,8
17.72963468009209,14.292430905408194,8
17.24224416962199,14.92149639153614,8
16.416944125019466,15.945736185617275,8
12.904337006264523,15.386477134071006,8
18.08366255580523,16.540287385773848,8
16.31080758806777,15.927331922225203,8
16.069275131708338,17.034373440437886,8
16.212027355807535,16.499402821603077,8
15.543908914339585,15.031028931920433,8
16.15933720668963,16.399238987183722,8
16.50131393565516,15.887262795312534,8
15.109057166610796,18.507290522744746,8
16.40196566044875,16.51518233975937,8
16.84400016674393,14.340254029847163,8
16.202520054382987,17.31658348572757,8
16.841840000677934,14.808144056037492,8
16.172359811933706,17.80392126478774,8
16.46179675439073,16.481977402610106,8
15.852611605588379,16.032672913114883,8
15.943315112067708,17.665479062309252,8
16.04092130676151,15.170351072871805,8
16.325389792924714,15.596609701029571,8
16.98908835665527,14.824342226125044,8
15.572713589096933,15.990857729568196,8
15.882349010104551,16.631779290099672,8
15.882709661860694,16.299328992599328,8
16.24898521306428,16.773628508089757,8
16.272657244095114,17.075567601705856,8
17.26147089922238,15.781842886484522,8
16.49874665451241,16.559993892378937,8
15.332985550424576,17.670586134928154,8
16.068951053363644,15.974501668614785,8
16.33795766885643,17.751882475749078,8
16.204216254135915,15.116577848608149,8
16.530696002249897,16.13481969317906,8
18.944070050552327,15.734120174455402,8
15.319320552847739,16.820487957764172,8
16.092069431115043,17.023323350459243,8
15.283340206429386,17.470613906805934,8
14.509030004053622,14.8565979139073,8
18.026669357306904,16.325590017855664,8
16.805224477540666,15.453036421721578,8
15.638687717725853,16.35569175184719,8
16.501888115691393,16.967392757503035,8
17.2242690702244,15.029193187211085,8
16.96724760913465,15.500231241968866,8
15.56169560486801,16.724911387336267,8
17.34280122202369,15.866322627416887,8
14.852615394756072,14.83392309910559,8
14.915308001469201,15.055148131167716,8
15.5082765713272,15.234501546574352,8
16.532445939503916,16.676841411638843,8
15.632086486802173,13.855736825945419,8
16.185989237595376,15.407682467717306,8
15.121950470856618,16.259338137991396,8
16.31862228010127,15.670398738597099,8
14.780814200119783,16.057430827529217,8
16.832091389057325,13.168696431194055,8
15.491533311739085,17.095708864057677,8
15.735922738002035,15.683770514118338,8
15.437609210436491,14.244730041120107,8
14.854224307317416,16.90494229312119,8
15.904277610414082,13.84963554470781,8
18.497636647077133,17.61512134866246,9
18.025581868464663,17.63139813513422,9
17.876982919536122,18.383960886151787,9
17.41835845299406,17.474111045551844,9
16.652148866517383,18.74133942724956,9
16.863043298206264,17.125820546521993,9
18.38716832087436,18.45820517292729,9
18.092715781282706,16.573458089271025,9
17.28978088557847,18.75206946468325,9
17.251438562580258,18.902526456807795,9
17.32323055558424,18.436324800530038,9
15.017736544179218,17.16063878142134,9
17.36592070934496,17.324411354121022,9
19.11792950902995,16.94022995342555,9
18.300784311647803,19.05494872031306,9
18.373253781591085,18.266296133642978,9
18.156130165608136,18.505055717924474,9
20.945110730071377,16.85575769706058,9
17.193760864471447,17.855462610805546,9
17.596239176144614,17.549889435487497,9
18.77221948284082,17.134160441683147,9
18.460730754712273,18.463778826687502,9
18.352521122737393,16.566776429131775,9
17.981230016680776,16.332691195942413,9
18.790258408738598,18.203769472606194,9
18.076123917511957,18.327208302325552,9
17.9319652936062,16.68356728698992,9
17.33914231176933,19.355537052066246,9
18.96652436363408,18.541251258238248,9
18.122671662546953,19.718812363803472,9
19.477370993125053,16.836701713111008,9
18.145426557396874,18.234859167906286,9
18.47878507885003,18.530707651414467,9
16.424227937116356,17.99734057996293,9
18.752559714272603,19.04321855533637,9
16.852399963087336,18.262413474525516,9
17.53525726959288,19.107036114683396,9
18.208795257800087,19.19568588765141,9
18.247925660772395,18.489069218510913,9
18.713872798472554,20.05163657804113,9
16.59480610694924,17.68812631115583,9
18.739707828565905,19.44580681128322,9
16.944943383624445,18.37708374410102,9
17.710401252762097,16.716608843203822,9
17.527643991052827,17.144399670787116,9
18.908249800498993,18.678076391545996,9
18.164019232730915,18.25184183674646,9
15.850582097591651,18.448365116304664,9
19.540273734537422,18.40056537269971,9
18.293509707298693,18.741420273964426,9
18.131649802997277,18.026087981363425,9
18.163513926387616,19.203115079153,9
15.711828188363196,18.326318395746057,9
18.932454550331233,16.457192315062322,9
18.532166338632827,18.30168148694423,9
16.3261520464413,17.574225722686904,9
18.03489221634877,17.925579309815436,9
17.795556195929414,16.69409678110032,9
17.594807106555763,17.004859348346788,9
16.6979111616962,18.36954929922658,9
18.201730378482985,17.39598487334306,9
15.970173176161468,18.358291240346045,9
19.385397483305482,19.160396234407088,9
17.007451925954665,18.336439851865048,9
19.132595787557864,18.945478205716245,9
17.659608367328907,16.972748338326987,9
18.027893614452783,19.386179999929272,9
16.155059793044703,16.39931156937722,9
18.600479261069545,18.01087159238799,9
16.475003535841715,18.694048049854235,9
18.552877700034454,15.69246293473398,9
17.961953566468672,18.85518953307435,9
18.022006708706165,17.99322470527613,9
17.57672809057537,17.698777374674403,9
18.016712228197203,18.48123578607703,9
17.78609624795409,17.18734903602676,9
19.264017110860376,19.124571355511712,9
17.444882066632402,18.697918470947343,9
19.279670037178253,18.558823921297527,9
18.293225889415382,17.458038400146247,9
17.967555991025517,16.46491467770161,9
18.117396856582367,17.851380897968387,9
18.90589397094074,17.01127888173345,9
20.015879335176276,16.727803842506205,9
18.96657248890459,15.847228032635474,9
18.970626454638023,19.239025653708,9
15.902273787107674,17.457538932688447,9
17.98873933618153,16.1862545737689,9
18.736388716204505,17.50495169799524,9
18.743581873372683,16.9824317009774,9
19.193428423728136,17.17093581180686,9
18.37487565687495,17.052755673406597,9
17.942322370547153,18.21870010185553,9
16.775698090035085,17.944956114524643,9
19.11547720535093,19.292133800389216,9
16.764612834112015,16.53857331365871,9
17.448586002528575,15.823921868943536,9
18.20280109452136,18.762144405016006,9
19.54463423234108,17.47345537251256,9
18.87132754601049,19.764416966089463,9
18.257807334395984,15.982366873904693,9
17.61822195499979,18.826456576446958,9
16.85428665611539,18.34118037695089,9
19.394394686311475,18.70764563872007,9
17.236891820268205,16.497165534147275,9
18.38847441901596,18.192510463646023,9
17.018736124340926,16.962988226548717,9
18.123083134312655,18.735711287726797,9
17.198795591255795,17.14158212064516,9
18.859751153504018,16.783155758761833,9
18.388189599152913,19.15583010491086,9
18.30693987506895,18.181497477930623,9
17.554018603703554,18.749055837252687,9
18.53908711410489,18.529149690678057,9
17.338736880638116,18.598107867143355,9
16.723518781543333,19.014827942479794,9
18.76274237352848,17.426572093492045,9
17.69886881871753,19.262284003889757,9
17.511357624408895,18.35806224123548,9
16.91059286320547,16.464053377097727,9
18.3564378081654,18.73903805724488,9
18.002800744290735,17.20146348456857,9
17.062292899286025,19.074279940717904,9
16.731972650046213,18.63996875679638,9
18.209979427157773,16.327048288129095,9
19.448929386268624,17.684839269981143,9
18.331620589702112,15.99112770767656,9
16.46468678164745,19.550877428326302,9
19.40973346631621,17.312285719979233,9
18.37472544255964,18.341790595741454,9
18.522055874822545,16.482540909082655,9
17.488707273981824,18.582933113435345,9
16.290378165135806,18.361361420818447,9
16.659981380577513,17.283539219396346,9
17.996169646949888,17.46425378142218,9
18.27106043024871,18.619881040234855,9
19.139877724784412,18.325192251060624,9
18.913472803341644,17.353575154683128,9
15.61722788777083,19.315549745638545,9
16.533930871515803,17.430475973979682,9
17.726223554443038,17.654265317275662,9
17.755675783811057,18.054335604648195,9
17.791953748261598,18.360009301426263,9
19.036495884215174,16.708281655027367,9
19.31187862034546,17.123624396806015,9
18.380486200288818,16.113995532475553,9
18.240687028687407,19.993457298050842,9
19.32475000335516,18.451522659069308,9
19.0390336980635,17.097887548460953,9
17.466565537360438,18.68530349317768,9
